t_s,P1_soldiers,P1_units,P1_gold,P1_hexes,P1_cities,P1_alive,P2_soldiers,P2_units,P2_gold,P2_hexes,P2_cities,P2_alive,P3_soldiers,P3_units,P3_gold,P3_hexes,P3_cities,P3_alive,P4_soldiers,P4_units,P4_gold,P4_hexes,P4_cities,P4_alive,P5_soldiers,P5_units,P5_gold,P5_hexes,P5_cities,P5_alive,P6_soldiers,P6_units,P6_gold,P6_hexes,P6_cities,P6_alive
0,200,2,200,3,1,1,200,2,200,3,1,1,200,2,200,3,1,1,200,2,200,3,1,1,200,2,200,3,1,1,200,2,200,3,1,1
10,200,2,104,8,1,1,200,2,105,11,1,1,200,2,105,10,1,1,200,2,105,9,1,1,200,2,105,10,1,1,200,2,105,9,1,1
20,200,2,111,16,1,1,200,2,114,19,1,1,200,2,113,18,1,1,200,2,112,16,1,1,200,2,113,18,1,1,200,2,113,18,1,1
30,200,2,125,20,1,1,200,2,131,27,1,1,200,2,129,25,1,1,200,2,129,26,1,1,200,2,130,28,1,1,200,2,130,24,1,1
40,200,2,143,26,1,1,200,2,153,37,1,1,200,2,150,31,1,1,200,2,150,33,1,1,200,2,153,33,1,1,200,2,151,30,1,1
50,200,2,105,33,1,1,200,2,181,45,1,1,200,2,175,37,1,1,200,2,176,41,1,1,200,2,179,39,1,1,200,2,176,39,1,1
60,200,2,90,36,1,1,200,2,174,51,1,1,200,2,163,40,1,1,200,2,166,48,1,1,200,2,169,45,1,1,200,2,166,43,1,1
70,200,2,79,43,1,1,200,2,211,58,1,1,200,2,194,45,1,1,200,2,201,58,1,1,200,2,204,53,1,1,200,2,200,48,1,1
80,200,2,73,52,1,1,200,2,174,67,1,1,200,2,129,47,1,1,200,2,162,64,1,1,200,2,164,58,1,1,200,2,157,53,1,1
90,200,2,92,61,1,1,200,2,223,75,1,1,200,2,167,53,1,1,200,2,208,69,1,1,200,2,208,59,1,1,200,2,200,57,1,1
100,200,2,97,66,1,1,200,2,78,82,1,1,200,2,210,59,1,1,200,2,140,73,1,1,200,2,55,64,1,1,200,2,247,63,1,1
110,200,2,68,73,1,1,200,2,99,92,1,1,200,2,98,63,1,1,200,2,155,78,1,1,200,2,67,64,1,1,200,2,58,65,1,1
120,200,2,83,79,1,1,200,2,128,101,1,1,200,2,109,69,1,1,200,2,176,83,1,1,200,2,82,69,1,1,200,2,73,68,1,1
130,200,2,84,86,1,1,200,2,66,107,1,1,200,2,86,74,1,1,200,2,65,89,2,1,200,2,62,76,1,1,200,2,92,72,1,1
140,200,2,71,90,1,1,200,2,113,112,1,1,200,2,69,77,2,1,200,2,63,94,2,1,200,2,72,81,1,1,200,2,59,73,1,1
150,200,2,62,95,1,1,200,4,123,111,1,1,200,2,61,82,2,1,200,3,82,97,2,1,200,2,108,86,1,1,200,2,91,78,1,1
160,200,2,60,105,1,1,1300,5,54,108,1,1,200,2,58,85,2,1,200,3,134,100,2,1,200,2,110,88,1,1,200,2,89,83,1,1
170,200,2,64,108,1,1,1296,5,153,108,1,1,200,2,61,88,2,1,146,3,67,100,2,1,200,2,116,92,1,1,200,2,91,86,1,1
180,200,2,74,112,1,1,2238,6,253,111,1,1,200,2,108,93,2,1,161,3,152,97,2,1,200,2,127,92,1,1,200,2,98,89,1,1
190,200,2,14,116,1,1,2234,6,248,111,2,1,200,2,124,99,2,1,1990,5,167,98,2,1,200,2,62,95,1,1,200,2,109,92,1,1
200,200,2,165,117,1,1,2221,6,202,110,2,1,200,2,112,99,2,1,2082,7,59,99,2,1,200,2,82,96,1,1,200,2,125,93,1,1
210,950,3,66,117,1,1,2140,5,83,106,2,1,200,2,145,99,2,1,2760,8,122,104,2,1,200,2,131,97,1,1,200,2,124,94,1,1
220,950,3,198,117,1,1,3490,7,100,107,2,1,200,2,103,99,2,1,2633,8,199,103,2,1,944,3,36,97,1,1,190,2,166,95,1,1
230,2240,4,125,119,1,1,3812,8,151,105,2,1,160,2,115,98,2,1,2369,8,14,105,3,1,943,3,165,99,1,1,1434,5,133,94,1,1
240,2233,5,117,122,2,1,3673,7,158,104,2,1,297,3,101,95,2,1,2321,9,88,106,3,1,2343,4,120,99,1,1,1434,5,235,94,1,1
250,2205,5,208,122,2,1,4069,8,215,101,2,1,2370,5,90,95,2,1,2910,10,100,109,3,1,2340,4,10,100,2,1,2744,6,26,93,2,1
260,2164,5,157,122,2,1,3983,8,74,103,2,1,2345,6,125,95,2,1,2835,10,119,107,3,1,2381,6,25,100,2,1,3458,8,82,93,2,1
270,2074,5,115,121,2,1,3925,8,124,101,2,1,3634,8,66,96,2,1,2711,10,72,111,3,1,3218,7,19,100,3,1,3198,8,134,93,2,1
280,3623,7,236,121,2,1,3852,8,207,100,2,1,3334,8,115,96,2,1,2604,9,65,113,3,1,4617,10,65,100,3,1,2717,10,104,93,3,1
290,3497,7,76,122,3,1,3780,10,195,101,3,1,2927,8,187,97,2,1,3286,9,9,113,3,1,4516,10,98,101,3,1,2453,10,106,93,3,1
300,4654,10,141,121,3,1,3668,10,186,105,3,1,2587,8,105,100,2,1,3171,9,98,109,3,1,4113,10,151,100,3,1,2318,10,121,95,3,1
310,4593,10,209,123,3,1,2759,9,163,105,3,1,2235,8,142,99,2,1,3801,9,113,112,3,1,3581,10,132,105,3,1,2093,10,217,90,3,1
320,4410,12,98,124,4,1,2734,9,98,107,3,1,2017,7,76,99,2,1,4293,10,188,110,3,1,3220,10,243,111,3,1,1968,10,143,84,3,1
330,4290,12,104,123,4,1,3836,9,63,106,3,1,1345,7,66,100,3,1,4075,10,68,111,3,1,3006,10,161,115,3,1,1960,10,148,81,3,1
340,4275,12,227,124,4,1,3813,9,115,110,3,1,1799,9,97,99,3,1,3892,10,162,107,3,1,2937,10,252,110,3,1,1932,10,66,86,3,1
350,4240,12,125,125,4,1,4931,9,82,109,3,1,1697,9,136,98,3,1,3488,10,73,108,3,1,2784,10,195,111,3,1,1896,10,114,85,3,1
360,4174,12,163,125,4,1,4682,9,148,113,3,1,2444,10,66,98,3,1,3157,10,182,105,3,1,2655,10,137,110,3,1,1860,10,247,86,3,1
370,4140,12,136,125,4,1,5803,10,212,115,3,1,2382,10,197,98,3,1,2568,9,171,104,3,1,2491,10,210,108,3,1,1769,10,130,88,3,1
380,4055,12,87,125,4,1,5695,10,278,111,3,1,2275,10,143,98,3,1,2525,9,91,110,3,1,2341,10,340,109,3,1,1577,10,231,87,3,1
390,3818,10,195,125,4,1,5434,10,118,112,3,1,2157,10,301,98,3,1,3573,9,63,109,3,1,2294,10,71,108,4,1,1568,10,199,88,3,1
400,3799,11,81,126,4,1,5159,10,61,116,3,1,2036,10,156,98,3,1,4038,9,106,105,3,1,2428,11,65,110,4,1,1564,9,95,86,3,1
410,3736,13,302,124,5,1,4907,10,181,112,3,1,1710,10,151,101,3,1,3916,9,187,109,3,1,3129,12,248,112,4,1,1558,9,136,84,3,1
420,3643,13,198,126,5,1,4849,10,119,109,4,1,1582,10,365,99,3,1,4594,10,190,112,3,1,2983,14,226,113,5,1,1529,9,72,83,4,1
430,3626,13,223,128,5,1,4793,11,70,113,4,1,1380,10,119,97,4,1,4516,10,224,110,3,1,2769,14,68,110,5,1,3768,11,127,86,4,1
440,5334,14,210,127,5,1,5480,12,71,116,4,1,1347,10,178,98,4,1,4468,10,89,108,3,1,2614,14,89,113,5,1,5026,12,63,83,4,1
450,5239,14,299,124,5,1,5358,12,68,119,4,1,3762,12,310,101,4,1,4333,10,225,105,3,1,2452,14,89,118,5,1,4967,11,133,78,4,1
460,5139,14,82,128,5,1,5036,12,67,119,4,1,3643,8,8,100,4,1,4131,10,73,105,3,1,2332,14,334,118,5,1,4745,11,138,78,4,1
470,5023,14,244,131,5,1,4890,12,206,119,4,1,4585,10,97,99,4,1,3933,10,27,105,4,1,2243,14,264,117,5,1,4666,11,230,79,4,1
480,4846,14,139,134,5,1,4655,12,180,119,4,1,5535,12,157,96,4,1,3692,10,77,105,4,1,2181,14,101,119,5,1,4587,11,108,77,4,1
490,4662,15,86,135,6,1,3794,11,91,115,4,1,5369,11,108,95,4,1,5325,12,7,109,5,1,2009,14,372,118,5,1,4476,12,131,78,4,1
500,4416,15,128,134,6,1,3618,11,98,116,4,1,5217,11,182,96,4,1,5173,13,76,108,5,1,1581,12,52,117,5,1,4464,12,264,81,4,1
510,5192,15,204,133,6,1,4268,12,129,118,4,1,5769,12,137,97,4,1,5668,14,62,106,5,1,1508,10,20,116,6,1,4457,12,267,82,4,1
520,5112,15,212,135,6,1,4164,12,21,118,5,1,5528,11,28,95,4,1,5569,14,150,106,5,1,3757,13,77,115,6,1,4420,12,105,83,4,1
530,4964,15,270,137,6,1,3890,12,77,116,5,1,5279,11,110,93,4,1,5297,13,53,108,5,1,6062,14,96,117,6,1,4391,10,19,82,4,1
540,6526,16,139,137,6,1,3998,13,81,120,5,1,6232,12,195,93,4,1,4406,12,63,104,5,1,7672,16,171,118,6,1,4360,10,149,81,4,1
550,6426,15,119,137,6,1,5139,14,84,120,5,1,6097,12,241,93,4,1,5025,13,96,104,5,1,7480,16,71,124,6,1,5815,12,112,77,4,1
560,6276,15,248,139,6,1,4926,14,148,119,5,1,5613,12,306,91,4,1,5843,14,114,105,5,1,7157,16,217,121,6,1,5480,11,32,80,4,1
570,7819,16,282,139,7,1,4694,14,75,125,5,1,5407,12,111,91,4,1,5491,14,226,101,5,1,6724,16,395,120,6,1,5299,11,75,81,4,1
580,7680,15,12,136,7,1,4461,14,103,123,5,1,5122,12,262,94,4,1,5348,14,138,103,5,1,6465,16,126,114,6,1,6650,12,65,87,4,1
590,7560,15,92,135,7,1,4377,14,145,121,5,1,4787,12,273,95,4,1,5297,14,128,106,5,1,6205,16,67,114,6,1,6408,12,66,87,4,1
600,10999,18,118,134,7,1,4300,14,100,119,5,1,4562,12,80,96,4,1,4366,13,221,108,5,1,5742,14,313,112,6,1,6250,12,127,89,4,1
610,10953,18,196,135,7,1,4236,13,163,118,5,1,4427,12,83,95,4,1,4310,13,11,110,6,1,5196,14,78,113,6,1,6154,12,165,88,4,1
620,9748,15,99,133,7,1,4167,13,168,119,5,1,4277,12,96,97,4,1,4247,13,91,109,6,1,5021,14,137,118,6,1,6101,12,289,83,4,1
630,9565,17,75,133,7,1,5320,13,106,117,5,1,4161,12,70,97,5,1,7308,16,63,111,6,1,8235,16,108,120,6,1,6027,12,260,81,4,1
640,9305,18,86,131,7,1,5158,13,138,117,5,1,4297,13,73,99,5,1,7188,16,118,111,6,1,7690,13,64,120,6,1,5778,12,81,81,4,1
650,7672,17,140,130,8,1,4986,13,392,115,5,1,5529,14,124,100,4,1,7078,16,173,113,6,1,8103,13,87,124,6,1,4469,11,86,77,4,1
660,6374,16,101,131,8,1,6611,14,220,113,5,1,5403,14,287,99,4,1,6965,16,91,115,6,1,8406,15,66,126,6,1,4640,12,229,75,4,1
670,5323,17,100,135,7,1,6344,14,106,114,5,1,5209,14,273,95,5,1,6740,16,192,114,6,1,9062,16,116,128,6,1,4071,12,284,73,4,1
680,4698,15,133,138,7,1,6193,14,287,113,5,1,4902,13,314,92,5,1,6566,16,72,115,6,1,8726,16,253,127,6,1,4030,12,83,74,4,1
690,5633,17,394,139,7,1,6083,14,124,113,6,1,4782,13,268,92,5,1,6377,16,133,115,6,1,8214,16,108,126,6,1,4009,12,283,75,4,1
700,5079,15,64,141,7,1,5967,14,91,114,6,1,4584,13,109,90,5,1,6259,16,139,114,6,1,7607,15,108,123,6,1,3879,11,264,78,4,1
710,4254,10,61,144,7,1,6604,15,134,113,6,1,6316,14,166,87,5,1,6054,16,90,115,6,1,7127,16,131,120,6,1,3763,10,359,81,4,1
720,7695,14,157,145,7,1,8743,16,210,112,6,1,6281,14,123,86,5,1,6137,17,95,116,6,1,6813,16,99,123,6,1,3725,10,145,78,4,1
730,9879,17,289,145,7,1,8626,16,386,109,5,1,6107,14,168,86,5,1,7254,18,115,119,7,1,6562,16,135,131,6,1,5427,11,217,70,4,1
740,10331,18,82,151,7,1,8247,16,150,110,5,1,5896,14,220,80,5,1,6810,18,170,118,7,1,6397,16,129,124,6,1,7199,12,217,77,4,1
750,10053,20,262,150,8,1,7868,16,296,114,6,1,5557,13,163,81,4,1,6261,18,88,114,6,1,5893,14,162,125,6,1,6934,12,292,76,4,1
760,9495,19,389,150,8,1,7609,16,367,112,6,1,5279,13,254,81,4,1,6065,18,212,116,6,1,6389,15,126,124,6,1,6685,12,369,77,4,1
770,9207,20,213,150,8,1,7052,16,292,113,6,1,6720,14,232,81,4,1,5705,18,176,115,6,1,8016,16,348,126,6,1,6524,12,118,75,4,1
780,9108,20,139,155,8,1,6875,15,144,112,5,1,6584,14,346,76,4,1,5066,14,71,116,7,1,7640,16,143,126,6,1,5802,11,28,75,4,1
790,9049,20,120,153,8,1,6616,15,203,111,5,1,6365,14,121,78,4,1,5384,16,225,117,7,1,7290,16,460,121,6,1,5604,11,119,80,4,1
800,8703,17,62,150,8,1,6064,13,401,111,5,1,6240,13,265,81,4,1,6156,17,244,117,7,1,6836,16,321,125,6,1,5429,11,239,76,4,1
810,8534,16,57,145,8,1,8097,14,63,107,6,1,6047,13,69,90,4,1,8203,18,351,121,6,1,6372,16,102,121,7,1,6728,11,128,80,4,1
820,8639,17,218,146,8,1,7904,13,92,106,6,1,5871,12,210,92,4,1,8062,18,123,122,6,1,6092,16,282,126,7,1,4321,8,36,75,4,1
830,9354,19,148,151,7,1,8908,14,214,104,6,1,5490,11,81,87,5,1,7730,18,281,124,6,1,6010,18,412,126,8,1,4689,9,38,79,4,1
840,10714,19,389,146,7,1,8766,15,169,99,6,1,5624,12,85,92,6,1,7595,17,191,129,6,1,10347,20,490,131,8,1,6332,11,106,78,4,1
850,9814,19,303,144,8,1,10892,16,284,104,5,1,8188,14,80,94,5,1,7429,17,69,127,8,1,10245,19,282,131,8,1,7117,12,127,81,4,1
860,9244,19,65,149,8,1,10527,16,80,103,5,1,8845,15,29,89,5,1,7063,17,93,132,8,1,10134,19,391,123,7,1,6758,12,6,89,5,1
870,8967,18,251,150,8,1,9737,15,84,104,5,1,8380,15,29,88,5,1,8490,18,75,132,8,1,9822,18,282,122,7,1,5964,12,59,90,5,1
880,9646,19,93,146,8,1,9280,15,253,100,5,1,8045,15,41,92,5,1,10400,19,108,138,8,1,11828,18,237,120,7,1,6407,14,127,92,5,1
890,10782,21,75,144,9,1,8758,16,208,102,6,1,7911,15,133,95,5,1,11708,20,78,138,7,1,11123,18,353,119,7,1,5685,13,77,93,5,1
900,9973,21,90,146,9,1,8435,16,191,103,6,1,7674,15,148,93,5,1,11624,20,209,137,7,1,10253,18,202,124,8,1,6269,14,138,88,4,1
910,9783,21,350,149,9,1,8109,14,49,102,6,1,7432,15,233,90,5,1,11333,20,147,138,7,1,9919,18,31,124,8,1,5970,14,224,88,4,1
920,11350,22,138,148,9,1,7171,13,57,112,6,1,7178,15,178,91,5,1,10897,20,325,128,7,1,9507,18,196,129,8,1,5631,13,352,83,4,1
930,11149,22,212,157,8,1,7653,14,246,112,6,1,6827,15,142,82,6,1,10663,20,189,128,7,1,9772,19,444,132,8,1,5469,12,123,80,4,1
940,10887,22,541,160,9,1,9809,15,71,110,6,1,6245,13,20,79,5,1,10504,20,280,130,7,1,11125,20,184,129,8,1,5133,11,258,83,4,1
950,10684,22,270,163,9,1,10930,16,105,113,6,1,6064,12,68,76,5,1,10186,18,164,127,7,1,10629,19,131,134,8,1,4512,10,76,78,4,1
960,10611,22,112,163,9,1,9923,16,276,117,6,1,9125,14,95,76,5,1,10034,18,295,123,7,1,9692,19,85,137,9,1,4403,8,52,75,3,1
970,10201,22,498,165,9,1,9146,15,473,120,5,1,8970,14,98,74,5,1,9700,19,240,120,8,1,9424,19,265,144,9,1,6494,10,35,68,3,1
980,9864,22,311,162,9,1,7761,12,196,121,5,1,8832,14,146,77,5,1,9333,19,85,119,8,1,11782,21,322,146,9,1,6264,10,35,66,3,1
990,9664,22,274,174,10,1,7546,12,327,119,5,1,8624,14,152,65,4,1,9238,19,119,122,8,1,13315,22,447,148,9,1,5976,10,36,64,3,1
1000,9157,21,342,178,10,1,7373,12,512,118,5,1,8156,14,144,61,4,1,11212,20,194,124,8,1,13055,22,71,145,9,1,5196,10,54,67,3,1
1010,9032,21,304,181,10,1,9659,12,449,114,5,1,7508,14,176,58,4,1,10649,20,105,129,8,1,13026,22,124,142,10,1,4506,10,36,70,2,1
1020,13436,23,414,185,10,1,9643,12,309,122,5,1,7163,14,225,56,4,1,10033,20,273,124,8,1,12969,22,219,137,9,1,3895,10,37,75,3,1
1030,15279,24,263,186,10,1,9526,12,410,130,5,1,4689,12,313,55,4,1,9524,20,111,116,8,1,12929,22,287,139,9,1,3367,10,37,73,3,1
1040,15183,24,653,188,11,1,13339,13,257,124,5,1,4484,10,102,53,3,1,8759,19,196,122,8,1,12900,22,534,142,9,1,2429,7,16,70,3,1
1050,15107,23,870,188,11,1,13111,13,231,125,5,1,4091,10,245,53,3,1,8509,19,152,121,8,1,12894,22,205,141,9,1,3147,10,123,71,3,1
1060,15037,23,447,191,11,1,12164,12,70,122,5,1,3846,9,238,50,3,1,10038,19,235,126,8,1,11733,22,551,139,9,1,3067,10,252,73,3,1
1070,15018,23,334,180,11,1,12996,13,67,121,5,1,3846,9,353,61,3,1,10030,19,363,131,8,1,9592,22,421,141,9,1,3022,10,374,71,3,1
1080,14950,23,666,178,11,1,13897,14,71,122,5,1,3840,9,496,63,3,1,9820,18,137,130,8,1,7890,22,126,144,9,1,3022,10,143,68,3,1
1090,12780,19,389,173,11,1,12923,14,82,120,5,1,5257,10,78,68,3,1,11678,18,109,132,8,1,6656,22,603,147,9,1,2603,10,263,65,3,1
1100,11037,19,410,172,11,1,12157,14,127,109,5,1,5202,9,61,69,3,1,12322,19,326,143,8,1,5648,22,462,148,9,1,2127,10,401,64,3,1
1110,9622,19,328,173,12,1,9557,13,0,112,5,1,5076,9,45,68,2,1,12217,19,196,140,8,1,4812,22,441,146,9,1,1755,10,197,66,3,1
1120,8537,19,687,176,12,1,8644,13,98,120,5,1,6231,9,6,65,2,1,14162,20,398,132,8,1,4156,22,495,147,9,1,1370,9,255,65,3,1
1130,7634,18,158,175,12,1,8954,14,273,123,5,1,5681,9,0,66,2,1,14027,20,160,129,8,1,3630,22,579,147,9,1,1122,9,429,65,3,1
1140,7453,18,105,173,13,1,8786,14,468,123,5,1,5005,9,44,68,2,1,13811,20,408,129,8,1,3192,22,594,147,9,1,2037,11,363,65,4,1
1150,7150,18,366,175,13,1,8605,14,117,124,5,1,4146,9,64,66,2,1,13588,20,202,128,8,1,2834,22,1146,147,9,1,2937,12,495,65,4,1
1160,9341,21,222,178,13,1,7994,13,139,123,5,1,3662,9,164,63,2,1,13323,19,111,129,9,1,2541,22,1942,147,9,1,2819,12,408,65,4,1
1170,9332,21,168,180,13,1,7397,12,124,115,5,1,3343,9,220,61,2,1,13053,20,79,137,9,1,2300,22,2464,147,9,1,2724,12,532,65,4,1
1180,14772,23,734,183,13,1,7159,12,306,117,5,1,3021,9,271,58,2,1,14029,21,78,135,10,1,2101,22,3029,147,9,1,2648,12,115,65,4,1
1190,14768,26,771,187,13,1,8730,13,472,111,5,1,2477,8,403,54,2,1,14006,22,161,141,10,1,1939,22,3876,147,9,1,2597,12,217,65,4,1
1200,14714,26,1175,191,13,1,10093,14,589,106,5,1,1983,8,545,50,2,1,15928,23,122,146,10,1,1806,22,4720,147,9,1,2557,12,366,65,4,1
1210,14699,26,1710,194,13,1,9434,14,175,105,5,1,1716,8,131,47,2,1,17298,24,71,148,10,1,1695,22,5618,147,9,1,2531,12,171,65,4,1
1220,14665,26,2408,192,13,1,9295,14,339,107,5,1,1387,8,280,49,2,1,16966,24,69,149,10,1,1605,22,6309,147,9,1,2510,12,332,65,4,1
1230,14665,26,2480,186,13,1,8902,13,85,102,4,1,1220,8,452,61,2,1,16705,26,129,154,11,1,1530,22,7233,147,9,1,2492,12,499,65,4,1
1240,14623,26,2996,184,13,1,8584,13,0,99,4,1,1071,7,526,63,2,1,16573,26,383,157,11,1,1471,22,8068,147,9,1,2477,12,122,65,4,1
1250,12456,26,3584,183,13,1,7570,13,0,98,4,1,1029,7,148,64,2,1,16436,26,288,158,11,1,1421,22,8995,147,9,1,2464,12,302,65,4,1
1260,10692,26,4370,183,13,1,9658,14,75,102,4,1,2081,8,317,64,2,1,16314,25,154,155,11,1,1380,22,9951,147,9,1,2453,12,486,65,4,1
1270,9106,26,5204,183,13,1,9569,14,136,106,4,1,2014,8,474,64,2,1,16093,25,155,151,11,1,1345,22,10877,147,9,1,2443,12,595,65,4,1
1280,7913,26,5980,186,13,1,9409,14,220,98,3,1,1936,7,636,61,2,1,16051,25,211,159,12,1,1319,22,11412,147,9,1,2435,12,197,65,4,1
1290,6986,26,6712,185,13,1,9003,14,231,94,3,1,1865,7,684,62,2,1,15982,25,107,163,12,1,1297,22,12236,147,9,1,2428,12,374,65,4,1
1300,6424,26,7419,186,13,1,8474,14,325,93,2,1,2798,8,827,61,2,1,18619,27,44,164,13,1,1276,22,13089,147,9,1,2422,12,576,65,4,1
1310,6187,26,8476,189,13,1,7493,14,423,88,2,1,2661,8,801,58,2,1,18656,27,191,169,13,1,1262,22,13851,147,9,1,2416,12,231,65,4,1
1320,6174,26,9342,187,13,1,6442,13,501,79,2,1,2613,8,931,60,2,1,21786,29,374,178,13,1,1251,22,14782,147,9,1,2411,12,380,65,4,1
1330,6109,26,10399,186,13,1,4851,11,119,80,2,1,2582,8,1072,61,2,1,21726,29,75,177,13,1,1240,22,15761,147,9,1,2407,12,516,65,4,1
1340,5937,30,11444,187,13,1,3533,9,83,77,2,1,2523,8,1216,60,2,1,21675,29,350,180,13,1,1229,22,16548,147,9,1,2404,12,657,65,4,1
1350,5612,30,12569,192,13,1,3251,9,273,78,2,1,2399,8,1268,55,2,1,21498,29,153,179,13,1,1219,22,17544,147,9,1,2400,12,880,65,4,1
1360,5490,30,13610,193,13,1,3174,9,232,81,3,1,2076,7,1289,54,2,1,21457,29,450,176,12,1,1208,22,18587,147,9,1,2398,12,1109,65,4,1
1370,5366,30,14871,193,13,1,3174,9,443,82,3,1,1972,7,1402,54,2,1,21363,29,224,175,12,1,1203,22,19638,147,9,1,2395,12,1341,65,4,1
1380,5346,30,15849,194,13,1,3174,9,661,90,3,1,3021,7,1464,53,2,1,21332,29,362,167,12,1,1200,22,20695,147,9,1,2393,12,1576,65,4,1
1390,5331,30,16801,193,13,1,5724,10,858,95,3,1,3431,8,1544,54,2,1,21315,29,564,162,12,1,1198,22,21760,147,9,1,2391,12,1813,65,4,1
1400,5179,30,17706,192,13,1,5724,10,1083,102,3,1,3309,8,1630,55,2,1,21299,29,386,159,12,1,1196,22,22191,147,9,1,2389,12,2054,65,4,1
1410,5024,30,18849,188,13,1,5612,10,1328,102,3,1,3215,8,1732,59,2,1,21138,29,229,159,12,1,1194,22,22748,147,9,1,2388,12,2057,65,4,1
1420,4891,30,19611,191,13,1,5540,10,1592,103,3,1,3129,8,1846,56,2,1,20955,29,506,158,12,1,1192,22,23751,147,9,1,2386,12,2222,65,4,1
1430,4738,30,20926,192,13,1,5536,10,1866,102,3,1,3063,7,1870,55,2,1,20952,29,374,159,12,1,1190,22,24402,147,9,1,2385,12,2470,65,4,1
1440,4693,30,22193,196,13,1,5392,10,2151,102,3,1,2861,7,1962,51,2,1,20878,29,279,159,12,1,1188,22,25339,147,9,1,2384,12,2721,65,4,1
1450,4630,30,23476,196,13,1,5285,10,2450,103,3,1,3543,7,2014,54,2,1,20830,29,555,159,12,1,1186,22,26313,144,9,1,2383,12,2974,65,4,1
1460,4538,30,24756,196,13,1,5196,10,2739,103,3,1,3840,8,2100,54,2,1,20798,29,568,159,12,1,1184,22,27406,144,9,1,2382,12,3230,65,4,1
1470,4365,30,26111,196,13,1,5133,10,3019,104,3,1,3589,8,2187,54,2,1,20631,29,391,158,12,1,1182,22,28506,144,9,1,2381,12,3407,65,4,1
1480,4294,30,27488,197,13,1,5067,10,3330,108,3,1,3259,7,2245,56,2,1,20631,29,272,159,12,1,1180,22,29565,141,9,1,2381,12,3627,65,4,1
1490,4208,30,28926,199,13,1,5058,10,2532,115,4,1,3545,8,2346,56,2,1,20622,29,634,154,11,1,1178,22,30573,140,9,1,2380,12,3889,65,4,1
1500,4153,30,30023,205,13,1,4885,10,2800,119,4,1,3378,8,2444,50,2,1,20406,29,445,150,11,1,1177,22,31666,140,9,1,2380,12,4034,65,4,1
